study_id,survey_id,variant_string,variant_num,total_num,notes
XXX,PMID_40666313_Gondar_Zuria,crt:76:K,75,438,
PMID_40666313,PMID_40666313_Gondar_Zuria,crt:76:T,363,438,
PMID_40666313,PMID_40666313_Gondar_Zuria,k13:441:P,462,462,
PMID_40666313,PMID_40666313_Gondar_Zuria,k13:446:F,462,462,
PMID_40666313,PMID_40666313_Gondar_Zuria,k13:449:G,462,462,
PMID_40666313,PMID_40666313_Gondar_Zuria,k13:458:N,462,462,
PMID_40666313,PMID_40666313_Gondar_Zuria,k13:469:C,462,462,
PMID_40666313,PMID_40666313_Gondar_Zuria,k13:476:M,462,462,
PMID_40666313,PMID_40666313_Gondar_Zuria,k13:481:A,462,462,
PMID_40666313,PMID_40666313_Gondar_Zuria,k13:493:Y,462,462,
PMID_40666313,PMID_40666313_Gondar_Zuria,k13:515:R,462,462,
PMID_40666313,PMID_40666313_Gondar_Zuria,k13:527:P,462,462,
PMID_40666313,PMID_40666313_Gondar_Zuria,k13:537:N,462,462,
PMID_40666313,PMID_40666313_Gondar_Zuria,k13:538:G,462,462,
PMID_40666313,PMID_40666313_Gondar_Zuria,k13:539:R,462,462,
PMID_40666313,PMID_40666313_Gondar_Zuria,k13:543:I,462,462,
PMID_40666313,PMID_40666313_Gondar_Zuria,k13:553:P,462,462,
PMID_40666313,PMID_40666313_Gondar_Zuria,k13:561:R,462,462,
PMID_40666313,PMID_40666313_Gondar_Zuria,k13:568:V,462,462,
PMID_40666313,PMID_40666313_Gondar_Zuria,k13:574:P,462,462,
PMID_40666313,PMID_40666313_Gondar_Zuria,k13:580:C,460,462,
PMID_40666313,PMID_40666313_Gondar_Zuria,k13:580:Y,2,462,
PMID_40666313,PMID_40666313_Gondar_Zuria,k13:622:I,238,463,
PMID_40666313,PMID_40666313_Gondar_Zuria,k13:622:R,225,463,
PMID_40666313,PMID_40666313_Gondar_Zuria,k13:675:A,462,462,
PMID_40666313,PMID_40666313_Gondar_Zuria,mdr1:86:N,450,451,
PMID_40666313,PMID_40666313_Gondar_Zuria,mdr1:86:Y,1,451,
PMID_40666313,PMID_40666313_Tach_Armachiho,crt:76:K,0,361,
PMID_40666313,PMID_40666313_Tach_Armachiho,crt:76:T,361,361,
PMID_40666313,PMID_40666313_Tach_Armachiho,k13:441:P,365,365,
PMID_40666313,PMID_40666313_Tach_Armachiho,k13:446:F,365,365,
PMID_40666313,PMID_40666313_Tach_Armachiho,k13:449:G,365,365,
PMID_40666313,PMID_40666313_Tach_Armachiho,k13:458:N,365,365,
PMID_40666313,PMID_40666313_Tach_Armachiho,k13:469:C,365,365,
PMID_40666313,PMID_40666313_Tach_Armachiho,k13:476:M,365,365,
PMID_40666313,PMID_40666313_Tach_Armachiho,k13:481:A,365,365,
PMID_40666313,PMID_40666313_Tach_Armachiho,k13:493:Y,365,365,
PMID_40666313,PMID_40666313_Tach_Armachiho,k13:515:R,365,365,
PMID_40666313,PMID_40666313_Tach_Armachiho,k13:527:P,365,365,
PMID_40666313,PMID_40666313_Tach_Armachiho,k13:537:N,365,365,
PMID_40666313,PMID_40666313_Tach_Armachiho,k13:538:G,365,365,
PMID_40666313,PMID_40666313_Tach_Armachiho,k13:539:R,365,365,
PMID_40666313,PMID_40666313_Tach_Armachiho,k13:543:I,365,365,
PMID_40666313,PMID_40666313_Tach_Armachiho,k13:553:P,365,365,
PMID_40666313,PMID_40666313_Tach_Armachiho,k13:561:R,365,365,
PMID_40666313,PMID_40666313_Tach_Armachiho,k13:568:V,365,365,
PMID_40666313,PMID_40666313_Tach_Armachiho,k13:574:P,365,365,
PMID_40666313,PMID_40666313_Tach_Armachiho,k13:580:C,365,365,
PMID_40666313,PMID_40666313_Tach_Armachiho,k13:622:I,131,370,
PMID_40666313,PMID_40666313_Tach_Armachiho,k13:622:R,239,370,
PMID_40666313,PMID_40666313_Tach_Armachiho,k13:675:A,365,365,
PMID_40666313,PMID_40666313_Tach_Armachiho,mdr1:86:N,356,357,
PMID_40666313,PMID_40666313_Tach_Armachiho,mdr1:86:Y,1,357,